"Rank","Name","Symbol","marketcap","price (USD)","country"
"1","LVMH","MC.PA","210717603239","427.449","France"
"2","Inditex","ITX.MC","185271564917","59.4771","Spain"
"3","Hermès","RMS.PA","151158811536","1443.16","France"
"4","TJX Companies","TJX","148483325952","134.41","United States"
"5","Fast Retailing","9983.T","146482262066","477.373","Japan"
"6","Dior","CDI.PA","84060686156","465.941","France"
"7","Cintas","CTAS","78065614848","195.4","United States"
"8","Ross Stores","ROST","72314601472","226.37","United States"
"9","Nike","NKE","50379616256","33.96","United States"
"10","Kering","KER.PA","28793443915","234.822","France"
"11","Adidas","ADS.DE","27955839255","159.69","Germany"
"12","H&amp;M","HM-B.ST","25301453920","15.8493","Sweden"
"13","Tapestry","TPR","23207012352","116.95","United States"
"14","Ralph Lauren","RL","21779691520","365.54","United States"
"15","Next plc","NXT.L","21402847842","187.494","United Kingdom"
"16","Burlington Stores","BURL","17073798144","271.81","United States"
"17","Moncler","MONC.MI","13365986827","49.1415","Italy"
"18","Prada","1913.HK","11869324100","4.63859","Italy"
"19","LPP SA","LPP.WA","11855887762","6378.56","Poland"
"20","lululemon athletica","LULU","10311531520","93.14","Canada"
"21","Aritzia","ATZ.TO","10022826536","87.4742","Canada"
"22","Gap Inc.","GAP","8184593920","23.3","United States"
"23","Levi Strauss &amp; Co.","LEVI","7800921088","20.27","United States"
"24","Gildan","GIL","7533604352","40.68","Canada"
"25","Victoria's Secret &amp; Co","VSXY","7131703296","89.41","United States"
"26","Urban Outfitters","URBN","6989871104","81.6","United States"
"27","Brunello Cucinelli","BC.MI","6139917173","90.2929","Italy"
"28","Zalando","ZAL.DE","6089807133","24.9355","Germany"
"29","Abercrombie &amp; Fitch","ANF","6000220672","141.4","United States"
"30","Bosideng","3998.HK","5993985312","0.514832","Hong Kong"
"31","VF Corporation","VFC","5610030592","14.27","United States"
"32","JD Sports Fashion","JD.L","4964347925","1.05383","United Kingdom"
"33","Burberry","BRBY.L","4753070499","13.2687","United Kingdom"
"34","UniFirst","UNF","4573306368","252.89","United States"
"35","Page Industries","PAGEIND.NS","4371785626","391.952","India"
"36","Pepkor","PPH.JO","3946365600","1.07014","South Africa"
"37","Boot Barn Holdings","BOOT","3721401600","122.88","United States"
"38","PUMA","PUM.DE","3609600330","24.5203","Germany"
"39","Kontoor Brands","KTB","3508762112","64.2","United States"
"40","PVH Corp.","PVH","3455723776","74.9","United States"
"41","Ermenegildo Zegna","ZGN","3371872768","12.54","Italy"
"42","American Eagle Outfitters","AEO","3034753024","18.11","United States"
"43","Columbia Sportswear","COLM","2914428416","56.93","United States"
"44","Lojas Renner","LREN3.SA","2576869228","2.71862","Brazil"
"45","FIGS","FIGS","2264491520","13.63","United States"
"46","Buckle","BKE","2238215168","43.45","United States"
"47","F&amp;F Co","383220.KS","1975328208","52.7013","South Korea"
"48","Under Armour","UA","1963023232","4.57","United States"
"49","Capri Holdings","CPRI","1646811904","14.49","United Kingdom"
"50","OVS S.p.A.","OVS.MI","1572702880","6.50881","Italy"
"51","PAL GROUP Holdings","2726.T","1530860138","8.84704","Japan"
"52","Delta Galil Industries","DELG.TA","1515390772","57.7459","Israel"
"53","Arvind","ARVIND.NS","1514161764","5.56594","India"
"54","Revolve Group","RVLV","1506244096","21.05","United States"
"55","Misto Holdings (Fila)","081660.KS","1502645860","28.5838","South Korea"
"56","Savers Value Village","SVV","1408225536","9.19","United States"
"57","LuxExperience","LUXE","1362073344","9.75","Germany"
"58","Fox-Wizel","FOX.TA","1356527392","97.565","Israel"
"59","Vedant Fashions","MANYAVAR.NS","1322623793","5.44341","India"
"60","Carter's","CRI","1186505472","32.32","United States"
"61","G-III Apparel Group","GIII","1157236992","26.99","United States"
"62","Wacoal Holdings","3591.T","1137416612","23.0074","Japan"
"63","The Foschini Group","TFG.JO","937597300","2.97368","South Africa"
"64","AOKI Holdings","8214.T","895561551","10.6329","Japan"
"65","Adastria","2685.T","877833679","19.0303","Japan"
"66","Delta Israel Brands","DLTI.TA","875195298","34.9687","Israel"
"67","Boozt","BOOZT.ST","836621771","14.3496","Sweden"
"68","Topsports International","6110.HK","817902980","0.131894","Hong Kong"
"69","ASOS","ASC.L","794188284","6.63767","United Kingdom"
"70","Reformation Inc.","REF","769212800","13.02","United States"
"71","Canada Goose","GOOS","744173824","7.62","Canada"
"72","World Co., Ltd.","3612.T","743158845","9.75264","Japan"
"73","Aoyama Trading","8219.T","645473817","4.54701","Japan"
"74","Mavi Giyim Sanayi ve Ticaret","MAVI.IS","608856423","0.776994","Turkey"
"75","Onward Holdings Co., Ltd.","8016.T","606724692","4.45202","Japan"
"76","Aditya Birla Fashion and Retail","ABFRL.NS","587414062","0.482762","India"
"77","RVRC Holding","RVRC.ST","538235056","5.08713","Sweden"
"78","Nueva Expresión Textil","NXT.MC","525915930","1.13792","Spain"
"79","Gokaldas Exports","GOKEX.NS","518584038","7.07736","India"
"80","PDS Multinational","PDSL.NS","507750692","3.59502","India"
"81","Boohoo Group","DEBS.L","488776558","0.310727","United Kingdom"
"82","Interloop","ILP.PK","486227786","0.346882","Pakistan"
"83","SMCP S.A.","SMCP.PA","482129832","6.17215","France"
"84","Marimekko","MEKKO.HE","415830542","10.2794","Finland"
"85","Van de Velde","VAN.BR","413686639","33.3296","Belgium"
"86","Universal Store Holdings","UNI.AX","409944210","5.34333","Australia"
"87","Lindex Group","LINDEX.HE","405203102","2.46886","Finland"
"88","Citi Trends, Inc.","CTRN","399125952","47.86","United States"
"89","Oxford Industries","OXM","380148576","25.38","United States"
"90","Lux Industries","LUXIND.NS","368666912","12.2596","India"
"91","J.Jill","JILL","365926496","24.62","United States"
"92","Stitch Fix","SFIX","358057888","2.68","United States"
"93","Thob Al Aseel Company","4012.SR","350550057","0.876375","Saudi Arabia"
"94","Lands' End","LE","314054368","10.63","United States"
"95","Fenix Outdoor","FOI-B.ST","303458873","27.4536","Switzerland"
"96","Kewal Kiran Clothing","KKCL.NS","299838823","4.86552","India"
"97","ThredUp","TDUP","284994016","2.17","United States"
"98","Giordano","0709.HK","266745111","0.165027","Hong Kong"
"99","Siyaram Silk Mills","SIYSIL.NS","255613084","5.63396","India"
"100","Kitex Garments","KITEX.NS","248618834","1.24621","India"
"101","Torrid Holding","CURV","245309808","2.46","United States"
"102","Eagle Nice","2368.HK","212192589","0.369558","Hong Kong"
"103","Zumiez","ZUMZ","210489312","13.73","United States"
"104","Superior Group of Companies","SGC","207287616","13","United States"
"105","Cantabil Retail India","CANTABIL.NS","196736127","2.35223","India"
"106","Dollar Industries","DOLLAR.NS","163080927","2.87539","India"
"107","Texwinca Holdings","0321.HK","155826016","0.112779","Hong Kong"
"108","Duluth Holdings","DLTH","155820496","4.1","United States"
"109","Vince Holding","VNCE","148023216","11.435","United States"
"110","Tillys","TLYS","141007296","4.61","United States"
"111","Björn Borg","BORG.ST","134104538","5.32131","Sweden"
"112","CALIDA Holding","CALN.SW","121257530","17.3511","Switzerland"
"113","a.k.a. Brands","AKA","117604328","10.7","United States"
"114","Lakeland Industries","LAKE","116891944","11.77","United States"
"115","Monte Carlo Fashions","MONTECARLO.NS","112357881","5.41952","India"
"116","Answear.com","ANR.WA","107893558","5.6613","Poland"
"117","GEOX","GEO.MI","107866405","0.29458","Italy"
"118","Rupa Company","RUPA.NS","107100040","1.34642","India"
"119","Global Fashion Group","GFG.DE","106160657","0.466839","Luxembourg"
"120","Grand Twins International Cambodia","GTI.KH","83826430","2.1","Cambodia"
"121","LUDWIG BECK am Rathauseck - Textilhaus Feldmeier","ECK.DE","79613961","21.5464","Germany"
"122","LightInTheBox Holding","LITB","57601620","2.92","Singapore"
"123","Rent the Runway","RENT","52591220","1.55","United States"
"124","Cato Fashion","CATO","47589556","2.39","United States"
"125","The Children's Place","PLCE","42472800","1.91","United States"
"126","Allbirds","BIRD","40269348","3.41","United States"
"127","Pattern S.p.A.","PTR.MI","40170482","2.6933","Italy"
"128","Wolford","WOL.VI","37153954","2.51375","Austria"
"129","Lulu's Fashion Lounge","LVLU","35607540","12.4","United States"
"130","Söktas Tekstil","SKTAS.IS","26137116","0.0522742","Turkey"
"131","Destination XL","DXLG","22120422","0.3989","United States"
"132","Le Slip Français","ALLSF.PA","18767408","14.454","France"
"133","Perfect Moment","PMNT","6384303","0.12","United Kingdom"
"134","Kidpik","PIK","4644903","2.38","United States"
"135","KMD Brands","KMD.NZ","1965548","0.0414161","New Zealand"
